Count;Train Loss;Train error;Val error
0;0.0;0.238037109375;0.265869140625
1;0.0;0.218994140625;0.30078125
2;0.0;0.2081298828125;0.200439453125
3;0.0;0.2012939453125;0.35174560546875
4;0.0;0.206787109375;0.1800537109375
5;0.0;0.199462890625;0.2923583984375
6;0.0;0.191162109375;0.19244384765625
7;0.0;0.1832275390625;0.28448486328125
8;0.0;0.1905517578125;0.20721435546875
