Count;Train Loss;Train error;Val error
0;0.0;0.24249267578125;0.232666015625
1;0.0;0.2100341796875;0.2750244140625
2;0.0;0.1962158203125;0.17449951171875
3;0.0;0.198193359375;0.29400634765625
4;0.0;0.19595947265625;0.18145751953125
