Count;Train Loss;Train error;Val error
0;0.0;0.24814453125;0.24371337890625
1;0.0;0.0;0.31573486328125
2;0.0;0.0;0.187255859375
3;0.0;0.0;0.29205322265625
4;0.0;0.0;0.19464111328125
5;0.0;0.0;0.35260009765625
6;0.0;0.0;0.17462158203125
7;0.0;0.0;0.283203125
8;0.0;0.0;0.1756591796875
9;0.0;0.0;0.29730224609375
10;0.0;0.1910888671875;0.19195556640625
