Count;Train Loss;Train error;Val Loss;Val error
0;0.836503572165966;0.19076171875;0.0;0.2605302734375
1;0.6453593626618386;0.14443359375;0.0;0.2348056640625
