Count;Train Loss;Train error;Val Loss;Val error
0;0.8275617116689682;0.188125;0.0;0.2949296875
1;0.6175823614001275;0.134296875;0.0;0.259802734375
