Count;Train Loss;Train error;Val Loss;Val error
0;0.9643785071372986;0.2205078125;0.8880435528159142;0.27951953125
1;0.7792532026767731;0.1708203125;0.8228116335272789;0.26323046875
