Count;Train Loss;Train error;Val error
0;0.0;0.28341796875;0.247759765625
1;0.0;0.21486328125;0.2479140625
