Count;Train Loss;Train error;Val Loss;Val error
0;[0.9965328];0.2182421875;[0.87714887];0.26949609375
1;[0.7974035];0.1662109375;[0.83461565];0.28017578125
