Count;Train Loss;Train error;Val Loss;Val error
0;0.841983151435852;0.19658203125;0.0;0.2549794921875
1;0.6344107136130333;0.14080078125;0.0;0.2353349609375
