Count;Train Loss;Train error;Val error
0;0.0;0.28953125;0.2645859375
1;0.0;0.22501953125;0.255556640625
